[
  {
    "ID": "-2057259192",
    "Name": "Joãpo",
    "CPF": "yiuyiuyuia",
    "Address": "sdfsfds",
    "E-Mail": "fsfsdfdsf",
    "City": "sdfsfds",
    "Phone": "sdfdsfds",
    "UF": "sdfsf",
    "CEP": "sdfdsf"
  },
  {
    "ID": "-2057259192",
    "Name": "Joãpo",
    "CPF": "yiuyiuyuia",
    "Address": "sdfsfds",
    "E-Mail": "fsfsdfdsf",
    "City": "sdfsfds",
    "Phone": "sdfdsfds",
    "UF": "sdfsf",
    "CEP": "sdfdsf"
  },
  {
    "ID": "-2057259192",
    "Name": "Joãpo",
    "CPF": "yiuyiuyuia",
    "Address": "sdfsfds",
    "E-Mail": "fsfsdfdsf",
    "City": "sdfsfds",
    "Phone": "sdfdsfds",
    "UF": "sdfsf",
    "CEP": "sdfdsf"
  }
][
  {
    "ID": "-450777744",
    "Name": "jdoisd",
    "CPF": "safdsf",
    "Address": "safds",
    "E-Mail": "asfdsa",
    "City": "sada",
    "Phone": "asds",
    "UF": "asda",
    "CEP": "asda"
  },
  {
    "ID": "-450777744",
    "Name": "jdoisd",
    "CPF": "safdsf",
    "Address": "safds",
    "E-Mail": "asfdsa",
    "City": "sada",
    "Phone": "asds",
    "UF": "asda",
    "CEP": "asda"
  },
  {
    "ID": "-450777744",
    "Name": "jdoisd",
    "CPF": "safdsf",
    "Address": "safds",
    "E-Mail": "asfdsa",
    "City": "sada",
    "Phone": "asds",
    "UF": "asda",
    "CEP": "asda"
  },
  {
    "ID": "-450777744",
    "Name": "jdoisd",
    "CPF": "safdsf",
    "Address": "safds",
    "E-Mail": "asfdsa",
    "City": "sada",
    "Phone": "asds",
    "UF": "asda",
    "CEP": "asda"
  }
]